Status.state,NomeEntidade,NumFistel,NumServico,NumAto,NumEstacao,EnderecoEstacao,EndComplemento,SiglaUf,CodMunicipio,DesignacaoEmissao,Tecnologia,tipoTecnologia,meioAcesso,FreqTxMHz,FreqRxMHz,Azimute,CodTipoClasseEstacao,ClassInfraFisica,CompartilhamentoInfraFisica,CodTipoAntena,CodEquipamentoAntena,GanhoAntena,FrenteCostaAntena,AnguloMeiaPotenciaAntena,AnguloElevacao,Polarizacao,AlturaAntena,CodEquipamentoTransmissor,PotenciaTransmissorWatts,Latitude,Longitude,CodDebitoTFI,DataLicenciamento,DataPrimeiroLicenciamento,NumRede,_id,DataValidade,NumFistelAssociado,NomeEntidadeAssociado,Municipio.NomeMunicipio
"LIC-LIC-01","TIM S A","50409428698","010","105812021","1798120","RUA FIRMINO FONTES","","SE","2800308","100MG7W","NR","SA-NSA","","3550","3550","190","FB","","NA","760","100462102519","25","25","65","-1","X","21","100462102519","200","-10.981556","-37.05375","G","2024-11-21","2002-08-23","","4d5c019f5d54b","2041-12-08","","","Aracaju"
"LIC-LIC-01","TIM S A","50409428698","010","105812021","1798120","RUA FIRMINO FONTES","","SE","2800308","100MG7W","NR","SA-NSA","","3550","3550","310","FB","","NA","760","100462102519","25","25","65","-2","X","21","100462102519","200","-10.981556","-37.05375","G","2024-11-21","2002-08-23","","4d5c019f5d556","2041-12-08","","","Aracaju"
"LIC-LIC-01","TIM S A","50409428698","010","105812021","1798138","RUA MARIO JORGE MENEZES VIEIRA","","SE","2800308","100MG7W","NR","SA-NSA","","3550","3550","10","FB","Greenfield","não","760","100462102519","25","25","65","-2","X","32","100462102519","200","-10.96975","-37.04175","G","2023-08-04","2002-08-23","","5a339fb7b8048","2023-11-28","","","Aracaju"
"LIC-LIC-01","TIM S A","50409428698","010","105812021","1798138","RUA MARIO JORGE MENEZES VIEIRA","","SE","2800308","100MG7W","NR","SA-NSA","","3550","3550","190","FB","Greenfield","não","760","100462102519","25","25","65","-1","X","28","100462102519","200","-10.96975","-37.04175","G","2023-08-04","2002-08-23","","5a339fb7b8698","2023-11-28","","","Aracaju"
"LIC-LIC-01","TIM S A","50409428698","010","105812021","1798138","RUA MARIO JORGE MENEZES VIEIRA","","SE","2800308","100MG7W","NR","SA-NSA","","3550","3550","240","FB","Greenfield","não","760","100462102519","25","25","65","-2","X","32","100462102519","200","-10.96975","-37.04175","G","2023-08-04","2002-08-23","","5a339fb7b8d00","2023-11-28","","","Aracaju"
"LIC-LIC-01","TIM S A","50409428698","010","105812021","684793580","AVENIDA  JOSINO JOSE DE ALMEIDA   503   AUGUSTO FRANCO","","SE","2800308","100MG7W","NR","SA-NSA","","3550","3550","40","FB","Greenfield","não","760","100462102519","25","25","65","-2","X","27","100462102519","200","-10.972386","-37.069475","G","2023-08-04","2004-09-27","Template 2","5a339fb7bcccc","2031-03-28","","","Aracaju"
"LIC-LIC-01","TIM S A","50409428698","010","105812021","442403178","Rua Jornalista João B Santana","Lote 4","SE","2800308","100MG7W","NR","SA-NSA","","3550","3550","15","FB","Greenfield","sim","760","116672103257","25","25","65","0","X","30","116672103257","200","-10.956722","-37.047806","G","2024-08-27","1999-12-01","","5c78166aa7b95","2041-12-08","","","Aracaju"
"LIC-LIC-01","TIM S A","50409428698","010","105812021","442403178","Rua Jornalista João B Santana","Lote 4","SE","2800308","100MG7W","NR","SA-NSA","","3550","3550","135","FB","Greenfield","sim","760","116672103257","25","25","65","0","X","30","116672103257","200","-10.956722","-37.047806","G","2024-08-27","1999-12-01","","5c78166aa81d4","2041-12-08","","","Aracaju"
"LIC-LIC-01","TIM S A","50409428698","010","105812021","442403178","Rua Jornalista João B Santana","Lote 4","SE","2800308","100MG7W","NR","SA-NSA","","3550","3550","280","FB","Greenfield","sim","760","116672103257","25","25","65","0","X","30","116672103257","200","-10.956722","-37.047806","G","2024-08-27","1999-12-01","","5c78166aa8811","2041-12-08","","","Aracaju"
"LIC-LIC-01","TIM S A","50409428698","010","105812021","442403151","Rua Leonel Curvelo","-","SE","2800308","100MG7W","NR","SA-NSA","","3550","3550","0","FB","Greenfield","sim","760","116672103257","25","25","65","0","X","34","116672103257","200","-10.924639","-37.067389","G","2024-08-27","1999-12-01","","5c78166ab8f11","2041-12-08","","","Aracaju"
"LIC-LIC-01","TIM S A","50409428698","010","105812021","442403151","Rua Leonel Curvelo","-","SE","2800308","100MG7W","NR","SA-NSA","","3550","3550","150","FB","Greenfield","sim","760","116672103257","25","25","65","0","X","34","116672103257","200","-10.924639","-37.067389","G","2024-08-27","1999-12-01","","5c78166aba4af","2041-12-08","","","Aracaju"
"LIC-LIC-01","TIM S A","50409428698","010","105812021","442403151","Rua Leonel Curvelo","-","SE","2800308","100MG7W","NR","SA-NSA","","3550","3550","280","FB","Greenfield","sim","760","116672103257","25","25","65","0","X","34","116672103257","200","-10.924639","-37.067389","G","2024-08-27","1999-12-01","","5c78166abab9a","2041-12-08","","","Aracaju"
"LIC-LIC-01","TIM S A","50409428698","010","105812021","1798081","Avenida Chanceler Osvaldo Aranha","Aracaju","SE","2800308","100MG7W","NR","SA-NSA","","3550","3550","0","FB","","","760","116672103257","25","25","65","0","X","40","116672103257","200","-10.908528","-37.089611","G","2024-08-27","2002-08-23","","19b382480737af9d","2041-12-08","","","Aracaju"
"LIC-LIC-01","TIM S A","50409428698","010","105812021","1798081","Avenida Chanceler Osvaldo Aranha","Aracaju","SE","2800308","100MG7W","NR","SA-NSA","","3550","3550","120","FB","","","760","116672103257","25","25","65","0","X","40","116672103257","200","-10.908528","-37.089611","G","2024-08-27","2002-08-23","","19b382480737af9e","2041-12-08","","","Aracaju"
"LIC-LIC-01","TIM S A","50409428698","010","105812021","1798081","Avenida Chanceler Osvaldo Aranha","Aracaju","SE","2800308","100MG7W","NR","SA-NSA","","3550","3550","240","FB","","","760","116672103257","25","25","65","0","X","40","116672103257","200","-10.908528","-37.089611","G","2024-08-27","2002-08-23","","19b382480737af9f","2041-12-08","","","Aracaju"
"LIC-LIC-01","TIM S A","50409428698","010","105812021","700023313","Rua Álvaro Rodrigues","Sol Nascente","SE","2800308","100MG7W","NR","SA-NSA","","3550","3550","100","FB","","","760","116672103257","25","25","65","0","X","30","116672103257","200","-10.943167","-37.084389","G","2024-11-07","2005-10-17","","3580c5f8563d5859","2041-12-08","","","Aracaju"
"LIC-LIC-01","TIM S A","50409428698","010","105812021","700023313","Rua Álvaro Rodrigues","Sol Nascente","SE","2800308","100MG7W","NR","SA-NSA","","3550","3550","200","FB","","","760","116672103257","25","25","65","0","X","30","116672103257","200","-10.943167","-37.084389","G","2024-11-07","2005-10-17","","3580c5f8563d585a","2041-12-08","","","Aracaju"
"LIC-LIC-01","TIM S A","50409428698","010","105812021","1798146","AVENIDA TANCREDO NEVES","REFERENCIA: MARCON MÁRMORES","SE","2800308","100MG7W","NR","SA-NSA","","3550","3550","120","FB","","","760","100462102519","25","25","65","-1","X","31","100462102519","200","-10.951306","-37.062944","G","2023-08-04","2002-08-23","","3580c5f8564c2233","2023-11-28","","","Aracaju"
"LIC-LIC-01","TIM S A","50409428698","010","105812021","1798146","AVENIDA TANCREDO NEVES","REFERENCIA: MARCON MÁRMORES","SE","2800308","100MG7W","NR","SA-NSA","","3550","3550","220","FB","","","760","100462102519","25","25","65","0","X","31","100462102519","200","-10.951306","-37.062944","G","2023-08-04","2002-08-23","","3580c5f8564c2234","2023-11-28","","","Aracaju"
"LIC-LIC-01","TIM S A","50409428698","010","105812021","1798146","AVENIDA TANCREDO NEVES","REFERENCIA: MARCON MÁRMORES","SE","2800308","100MG7W","NR","SA-NSA","","3550","3550","320","FB","","","760","100462102519","25","25","65","-1","X","31","100462102519","200","-10.951306","-37.062944","G","2023-08-04","2002-08-23","","3580c5f8564c2235","2023-11-28","","","Aracaju"
"LIC-LIC-01","TIM S A","50409428698","010","105812021","684412276","RUA ROSALINA","","SE","2800308","100MG7W","NR","SA-NSA","","3550","3550","0","FB","","","760","100462102519","25","25","65","-1","X","17","100462102519","200","-10.970611","-37.057806","G","2023-08-04","2004-03-23","Template 2","3580c5f8564c2248","2031-03-28","","","Aracaju"
"LIC-LIC-01","TIM S A","50409428698","010","105812021","684412276","RUA ROSALINA","","SE","2800308","100MG7W","NR","SA-NSA","","3550","3550","150","FB","","","760","100462102519","25","25","65","-1","X","17","100462102519","200","-10.970611","-37.057806","G","2023-08-04","2004-03-23","Template 2","3580c5f8564c2249","2031-03-28","","","Aracaju"
"LIC-LIC-01","TIM S A","50409428698","010","105812021","684412276","RUA ROSALINA","","SE","2800308","100MG7W","NR","SA-NSA","","3550","3550","230","FB","","","760","100462102519","25","25","65","-1","X","17","100462102519","200","-10.970611","-37.057806","G","2023-08-04","2004-03-23","Template 2","3580c5f8564c224a","2031-03-28","","","Aracaju"
"LIC-LIC-01","TIM S A","50409428698","010","105812021","684412152","RUA DOUTOR MARCIO ROLLEMBERG LEITE","","SE","2800308","100MG7W","NR","SA-NSA","","3550","3550","30","FB","","","760","100462102519","25","25","65","-1","X","21","100462102519","200","-10.932722","-37.070139","G","2023-08-04","2004-03-23","Template 2","3580c5f8564c225d","2031-03-28","","","Aracaju"
"LIC-LIC-01","TIM S A","50409428698","010","105812021","684412152","RUA DOUTOR MARCIO ROLLEMBERG LEITE","","SE","2800308","100MG7W","NR","SA-NSA","","3550","3550","150","FB","","","760","100462102519","25","25","65","-1","X","21","100462102519","200","-10.932722","-37.070139","G","2023-08-04","2004-03-23","Template 2","3580c5f8564c225e","2031-03-28","","","Aracaju"
"LIC-LIC-01","TIM S A","50409428698","010","105812021","684412152","RUA DOUTOR MARCIO ROLLEMBERG LEITE","","SE","2800308","100MG7W","NR","SA-NSA","","3550","3550","270","FB","","","760","100462102519","25","25","65","-1","X","21","100462102519","200","-10.932722","-37.070139","G","2023-08-04","2004-03-23","Template 2","3580c5f8564c225f","2031-03-28","","","Aracaju"
"LIC-LIC-01","TIM S A","50409428698","010","105812021","684793580","AVENIDA  JOSINO JOSE DE ALMEIDA   503   AUGUSTO FRANCO","","SE","2800308","100MG7W","NR","SA-NSA","","3550","3550","165","FB","","","760","100462102519","25","25","65","0","X","27","100462102519","200","-10.972386","-37.069475","G","2023-08-04","2004-09-27","Template 2","3580c5f8564c22a6","2031-03-28","","","Aracaju"
"LIC-LIC-01","TIM S A","50409428698","010","105812021","684793580","AVENIDA  JOSINO JOSE DE ALMEIDA   503   AUGUSTO FRANCO","","SE","2800308","100MG7W","NR","SA-NSA","","3550","3550","230","FB","","","760","100462102519","25","25","65","-3","X","26","100462102519","200","-10.972386","-37.069475","G","2023-08-04","2004-09-27","Template 2","3580c5f8564c22a7","2031-03-28","","","Aracaju"
"LIC-LIC-01","TIM S A","50409428698","010","105812021","1001612946","Rua José Ramos Figueiredo","-","SE","2800308","100MG7W","NR","SA-NSA","","3550","3550","0","FB","","","760","116672103257","25","25","65","0","X","40","116672103257","200","-10.942778","-37.068611","G","2024-11-07","2015-05-15","","3580c5f8564c22ba","2041-12-08","","","Aracaju"
"LIC-LIC-01","TIM S A","50409428698","010","105812021","1001612946","Rua José Ramos Figueiredo","-","SE","2800308","100MG7W","NR","SA-NSA","","3550","3550","110","FB","","","760","116672103257","25","25","65","0","X","40","116672103257","200","-10.942778","-37.068611","G","2024-11-07","2015-05-15","","3580c5f8564c22bb","2041-12-08","","","Aracaju"
"LIC-LIC-01","TIM S A","50409428698","010","105812021","1001612946","Rua José Ramos Figueiredo","-","SE","2800308","100MG7W","NR","SA-NSA","","3550","3550","260","FB","","","760","116672103257","25","25","65","0","X","40","116672103257","200","-10.942778","-37.068611","G","2024-11-07","2015-05-15","","3580c5f8564c22bc","2041-12-08","","","Aracaju"
"LIC-LIC-01","TIM S A","50409428698","010","105812021","1787101","AVENIDA JOSÉ ZUCKERNMAN","","SE","2800308","100MG7W","NR","SA-NSA","","3550","3550","10","FB","","","760","100462102519","15.9","25","65","0","X","34","100462102519","200","-10.923583","-37.079083","G","2023-08-04","2002-08-23","","3580c5f8564c22d2","2023-11-28","","","Aracaju"
"LIC-LIC-01","TIM S A","50409428698","010","105812021","1787101","AVENIDA JOSÉ ZUCKERNMAN","","SE","2800308","100MG7W","NR","SA-NSA","","3550","3550","140","FB","","","760","100462102519","15.9","25","65","-2","X","34","100462102519","200","-10.923583","-37.079083","G","2023-08-04","2002-08-23","","3580c5f8564c22d3","2023-11-28","","","Aracaju"
"LIC-LIC-01","TIM S A","50409428698","010","105812021","1787101","AVENIDA JOSÉ ZUCKERNMAN","","SE","2800308","100MG7W","NR","SA-NSA","","3550","3550","260","FB","","","760","100462102519","15.9","25","65","-1","X","41","100462102519","200","-10.923583","-37.079083","G","2023-08-04","2002-08-23","","3580c5f8564c22d4","2023-11-28","","","Aracaju"
"LIC-LIC-01","TIM S A","50409428698","010","105812021","442752040","RUA GUILHERME FIGUEIREDO","","SE","2800308","100MG7W","NR","SA-NSA","","3550","3550","20","FB","","","760","100462102519","25","25","65","0","X","25","100462102519","200","-10.986861","-37.051139","G","2024-11-21","1999-12-01","","3580c5f856bf8fc0","2041-12-08","","","Aracaju"
"LIC-LIC-01","TIM S A","50409428698","010","105812021","442752040","RUA GUILHERME FIGUEIREDO","","SE","2800308","100MG7W","NR","SA-NSA","","3550","3550","115","FB","","","760","100462102519","25","25","65","-2","X","25","100462102519","200","-10.986861","-37.051139","G","2024-11-21","1999-12-01","","3580c5f856bf8fc1","2041-12-08","","","Aracaju"
"LIC-LIC-01","TIM S A","50409428698","010","105812021","442752040","RUA GUILHERME FIGUEIREDO","","SE","2800308","100MG7W","NR","SA-NSA","","3550","3550","260","FB","","","760","100462102519","25","25","65","-1","X","25","100462102519","200","-10.986861","-37.051139","G","2024-11-21","1999-12-01","","3580c5f856bf8fc2","2041-12-08","","","Aracaju"
"LIC-LIC-01","TIM S A","50409428698","010","105812021","442403160","RUA CADMO NASCIMENTO","CONJUNTO MÉDICI I","SE","2800308","100MG7W","NR","SA-NSA","","3550","3550","60","FB","","","760","100462102519","25","25","65","-3","X","27","100462102519","200","-10.940472","-37.074611","G","2023-08-04","1999-12-01","","3580c5f856bdf46f","2023-11-28","","","Aracaju"
"LIC-LIC-01","TIM S A","50409428698","010","105812021","442403160","RUA CADMO NASCIMENTO","CONJUNTO MÉDICI I","SE","2800308","100MG7W","NR","SA-NSA","","3550","3550","190","FB","","","760","100462102519","25","25","65","-3","X","27","100462102519","200","-10.940472","-37.074611","G","2023-08-04","1999-12-01","","3580c5f856bdf470","2023-11-28","","","Aracaju"
"LIC-LIC-01","TIM S A","50409428698","010","105812021","442403160","RUA CADMO NASCIMENTO","CONJUNTO MÉDICI I","SE","2800308","100MG7W","NR","SA-NSA","","3550","3550","310","FB","","","760","100462102519","25","25","65","-3","X","31.7","100462102519","200","-10.940472","-37.074611","G","2023-08-04","1999-12-01","","3580c5f856bdf471","2023-11-28","","","Aracaju"
"LIC-LIC-01","TIM S A","50409428698","010","105812021","1798111","RUA FRANKLIN DE CAMPOS SOBRAL","COND. URQUISA LEAL","SE","2800308","100MG7W","NR","SA-NSA","","3550","3550","110","FB","","","760","100462102519","25","25","65","-4","X","48","100462102519","200","-10.939333","-37.062","G","2023-08-04","2015-03-05","","3580c5f856bdf487","2023-11-28","","","Aracaju"
"LIC-LIC-01","TIM S A","50409428698","010","105812021","1798111","RUA FRANKLIN DE CAMPOS SOBRAL","COND. URQUISA LEAL","SE","2800308","100MG7W","NR","SA-NSA","","3550","3550","240","FB","","","760","100462102519","25","25","65","-3","X","48","100462102519","200","-10.939333","-37.062","G","2023-08-04","2015-03-05","","3580c5f856bdf488","2023-11-28","","","Aracaju"
"LIC-LIC-01","TIM S A","50409428698","010","105812021","1798111","RUA FRANKLIN DE CAMPOS SOBRAL","COND. URQUISA LEAL","SE","2800308","100MG7W","NR","SA-NSA","","3550","3550","350","FB","","","760","100462102519","25","25","65","-1","X","48","100462102519","200","-10.939333","-37.062","G","2023-08-04","2015-03-05","","3580c5f856bdf489","2023-11-28","","","Aracaju"
"LIC-LIC-01","TIM S A","50409428698","010","105812021","689159226","RUA GERALDO PINA","","SE","2800308","100MG7W","NR","SA-NSA","","3550","3550","30","FB","","","760","100462102519","25","25","65","-1","X","20","100462102519","200","-10.960028","-37.076417","G","2023-08-04","2007-05-15","Template 2","3580c5f856bdf496","2031-03-28","","","Aracaju"
"LIC-LIC-01","TIM S A","50409428698","010","105812021","689159226","RUA GERALDO PINA","","SE","2800308","100MG7W","NR","SA-NSA","","3550","3550","300","FB","","","760","100462102519","25","25","65","-1","X","20","100462102519","200","-10.960028","-37.076417","G","2023-08-04","2007-05-15","Template 2","3580c5f856bdf497","2031-03-28","","","Aracaju"
"LIC-LIC-01","TIM S A","50409428698","010","105812021","1009970698","TRAVESSA JOÃO BISPO DE LIMA","","SE","2800308","100MG7W","NR","SA-NSA","","3550","3550","100","FB","","","760","100462102519","25","25","65","0","X","15.5","100462102519","200","-10.934833","-37.059889","G","2023-08-08","2020-01-30","Template 4","3580c5f856bdf4a1","2029-12-08","","","Aracaju"
"LIC-LIC-01","TIM S A","50409428698","010","105812021","1009970698","TRAVESSA JOÃO BISPO DE LIMA","","SE","2800308","100MG7W","NR","SA-NSA","","3550","3550","220","FB","","","760","100462102519","25","25","65","0","X","15.5","100462102519","200","-10.934833","-37.059889","G","2023-08-08","2020-01-30","Template 4","3580c5f856bdf4a2","2029-12-08","","","Aracaju"
"LIC-LIC-01","TIM S A","50409428698","010","105812021","1009970698","TRAVESSA JOÃO BISPO DE LIMA","","SE","2800308","100MG7W","NR","SA-NSA","","3550","3550","340","FB","","","760","100462102519","25","25","65","0","X","15.5","100462102519","200","-10.934833","-37.059889","G","2023-08-08","2020-01-30","Template 4","3580c5f856bdf4a3","2029-12-08","","","Aracaju"
"LIC-LIC-01","TIM S A","50409428698","010","105812021","692965440","Rua José Saturnino De Oliveira","-","SE","2800308","100MG7W","NR","SA-NSA","","3550","3550","20","FB","","","760","116672103257","25","25","65","0","X","28","116672103257","200","-10.975861","-37.050083","G","2024-10-24","2010-12-15","","3580c5f8565f2a84","2041-12-08","","","Aracaju"
"LIC-LIC-01","TIM S A","50409428698","010","105812021","692965440","Rua José Saturnino De Oliveira","-","SE","2800308","100MG7W","NR","SA-NSA","","3550","3550","120","FB","","","760","116672103257","25","25","65","0","X","28","116672103257","200","-10.975861","-37.050083","G","2024-10-24","2010-12-15","","3580c5f8565f2a85","2041-12-08","","","Aracaju"
"LIC-LIC-01","TIM S A","50409428698","010","105812021","692965440","Rua José Saturnino De Oliveira","-","SE","2800308","100MG7W","NR","SA-NSA","","3550","3550","240","FB","","","760","116672103257","25","25","65","0","X","28","116672103257","200","-10.975861","-37.050083","G","2024-10-24","2010-12-15","","3580c5f8565f2a86","2041-12-08","","","Aracaju"
"LIC-LIC-01","TIM S A","50409428698","010","105812021","1009143040","RUA ARÍCIO GUIMARÃES FORTES","","SE","2800308","100MG7W","NR","SA-NSA","","3550","3550","50","FB","","","760","100462102519","25","25","65","-3","X","52","100462102519","200","-10.989889","-37.054","G","2024-11-21","2019-09-30","","3580c5f8565f2a93","2041-12-08","","","Aracaju"
"LIC-LIC-01","TIM S A","50409428698","010","105812021","1009143040","RUA ARÍCIO GUIMARÃES FORTES","","SE","2800308","100MG7W","NR","SA-NSA","","3550","3550","210","FB","","","760","100462102519","25","25","65","-3","X","52","100462102519","200","-10.989889","-37.054","G","2024-11-21","2019-09-30","","3580c5f8565f2a94","2041-12-08","","","Aracaju"
"LIC-LIC-01","TIM S A","50409428698","010","105812021","1009143040","RUA ARÍCIO GUIMARÃES FORTES","","SE","2800308","100MG7W","NR","SA-NSA","","3550","3550","270","FB","","","760","100462102519","25","25","65","-3","X","52","100462102519","200","-10.989889","-37.054","G","2024-11-21","2019-09-30","","3580c5f8565f2a95","2041-12-08","","","Aracaju"
"LIC-LIC-01","TIM S A","50409428698","010","105812021","684419211","Avenida Ministro Geraldo Barreto","-","SE","2800308","100MG7W","NR","SA-NSA","","3550","3550","50","FB","","","760","116672103257","25","25","65","0","X","25","116672103257","200","-10.942944","-37.059028","G","2024-10-03","2004-03-23","","f26415f85d141c7b","2041-12-08","","","Aracaju"
"LIC-LIC-01","TIM S A","50409428698","010","105812021","684419211","Avenida Ministro Geraldo Barreto","-","SE","2800308","100MG7W","NR","SA-NSA","","3550","3550","230","FB","","","760","116672103257","25","25","65","0","X","25","116672103257","200","-10.942944","-37.059028","G","2024-10-03","2004-03-23","","f26415f85d141c7c","2041-12-08","","","Aracaju"
"LIC-LIC-01","TIM S A","50409428698","010","105812021","684419211","Avenida Ministro Geraldo Barreto","-","SE","2800308","100MG7W","NR","SA-NSA","","3550","3550","310","FB","","","760","116672103257","25","25","65","0","X","25","116672103257","200","-10.942944","-37.059028","G","2024-10-03","2004-03-23","","f26415f85d141c7d","2041-12-08","","","Aracaju"
"LIC-LIC-01","TIM S A","50409428698","010","105812021","1787136","Rua  Eduardo Dantas Do Espirito Santo","-","SE","2800308","100MG7W","NR","SA-NSA","","3550","3550","40","FB","","","760","100462102519","25","25","65","-1","X","30.15","100462102519","200","-10.967472","-37.083778","G","2024-08-20","2002-08-23","","963c65f88b041eb2","2041-12-08","","","Aracaju"
"LIC-LIC-01","TIM S A","50409428698","010","105812021","1787136","Rua  Eduardo Dantas Do Espirito Santo","-","SE","2800308","100MG7W","NR","SA-NSA","","3550","3550","180","FB","","","760","100462102519","25","25","65","-1","X","30.15","100462102519","200","-10.967472","-37.083778","G","2024-08-20","2002-08-23","","963c65f88b041eb3","2041-12-08","","","Aracaju"
"LIC-LIC-01","TIM S A","50409428698","010","105812021","1787136","Rua  Eduardo Dantas Do Espirito Santo","-","SE","2800308","100MG7W","NR","SA-NSA","","3550","3550","270","FB","","","760","100462102519","25","25","65","-1","X","30.15","100462102519","200","-10.967472","-37.083778","G","2024-08-20","2002-08-23","","963c65f88b041eb4","2041-12-08","","","Aracaju"
"LIC-LIC-01","TIM S A","50409428698","010","105812021","1787144","Rua Silvio Cesar Leite","-","SE","2800308","100MG7W","NR","SA-NSA","","3550","3550","30","FB","","","760","116672103257","25","25","65","0","X","49","116672103257","200","-10.931583","-37.054167","G","2024-08-27","2002-08-23","","963c65f88b041eca","2041-12-08","","","Aracaju"
"LIC-LIC-01","TIM S A","50409428698","010","105812021","1787144","Rua Silvio Cesar Leite","-","SE","2800308","100MG7W","NR","SA-NSA","","3550","3550","140","FB","","","760","116672103257","25","25","65","0","X","48.3","116672103257","200","-10.931583","-37.054167","G","2024-08-27","2002-08-23","","963c65f88b041ecb","2041-12-08","","","Aracaju"
"LIC-LIC-01","TIM S A","50409428698","010","105812021","1787144","Rua Silvio Cesar Leite","-","SE","2800308","100MG7W","NR","SA-NSA","","3550","3550","280","FB","","","760","116672103257","25","25","65","0","X","47.8","116672103257","200","-10.931583","-37.054167","G","2024-08-27","2002-08-23","","963c65f88b041ecc","2041-12-08","","","Aracaju"
"LIC-LIC-01","TIM S A","50409428698","010","105812021","1009970671","Rua Moacir Lopes Pocone","-","SE","2800308","100MG7W","NR","SA-NSA","","3550","3550","110","FB","","","760","116672103257","25","25","65","0","X","18","116672103257","200","-10.93139","-37.06528","G","2024-08-27","2020-01-30","","7bcd45f809685689","2041-12-08","","","Aracaju"
"LIC-LIC-01","TIM S A","50409428698","010","105812021","1009970671","Rua Moacir Lopes Pocone","-","SE","2800308","100MG7W","NR","SA-NSA","","3550","3550","230","FB","","","760","116672103257","25","25","65","0","X","18","116672103257","200","-10.93139","-37.06528","G","2024-08-27","2020-01-30","","7bcd45f80968568a","2041-12-08","","","Aracaju"
"LIC-LIC-01","TIM S A","50409428698","010","105812021","1009970671","Rua Moacir Lopes Pocone","-","SE","2800308","100MG7W","NR","SA-NSA","","3550","3550","350","FB","","","760","116672103257","25","25","65","0","X","18","116672103257","200","-10.93139","-37.06528","G","2024-08-27","2020-01-30","","7bcd45f80968568b","2041-12-08","","","Aracaju"
"LIC-LIC-01","TIM S A","50409428698","010","105812021","356130827","RUA AMAZONIA","","SE","2800308","100MG7W","NR","SA-NSA","","3550","3550","20","FB","","","760","100462102519","25","25","65","-7","X","38.2","100462102519","200","-10.90972","-37.06694","G","2023-08-04","1999-06-14","","99a745f8665fae7f","2023-11-28","","","Aracaju"
"LIC-LIC-01","TIM S A","50409428698","010","105812021","356130827","RUA AMAZONIA","","SE","2800308","100MG7W","NR","SA-NSA","","3550","3550","150","FB","","","760","100462102519","25","25","65","-7","X","31.7","100462102519","200","-10.90972","-37.06694","G","2023-08-04","1999-06-14","","99a745f8665fae80","2023-11-28","","","Aracaju"
"LIC-LIC-01","TIM S A","50409428698","010","105812021","356130827","RUA AMAZONIA","","SE","2800308","100MG7W","NR","SA-NSA","","3550","3550","290","FB","","","760","100462102519","25","25","65","-7","X","32","100462102519","200","-10.90972","-37.06694","G","2023-08-04","1999-06-14","","99a745f8665fae81","2023-11-28","","","Aracaju"
"LIC-LIC-01","TIM S A","50409428698","010","105812021","379988348","Rua Reis Lima","Lote 16","SE","2800308","100MG7W","NR","SA-NSA","","3550","3550","30","FB","","","760","116672103257","25","25","65","0","X","46","116672103257","200","-10.89825","-37.054889","G","2024-08-27","1999-06-14","","99a745f8665faf3d","2041-12-08","","","Aracaju"
"LIC-LIC-01","TIM S A","50409428698","010","105812021","379988348","Rua Reis Lima","Lote 16","SE","2800308","100MG7W","NR","SA-NSA","","3550","3550","140","FB","","","760","116672103257","25","25","65","0","X","46","116672103257","200","-10.89825","-37.054889","G","2024-08-27","1999-06-14","","99a745f8665faf3e","2041-12-08","","","Aracaju"
"LIC-LIC-01","TIM S A","50409428698","010","105812021","379988348","Rua Reis Lima","Lote 16","SE","2800308","100MG7W","NR","SA-NSA","","3550","3550","260","FB","","","760","116672103257","25","25","65","0","X","46","116672103257","200","-10.89825","-37.054889","G","2024-08-27","1999-06-14","","99a745f8665faf3f","2041-12-08","","","Aracaju"
"LIC-LIC-01","TIM S A","50409428698","010","105812021","442403119","Travessa Almirante Tamandaré","Esquina Com José De Barros","SE","2800308","100MG7W","NR","SA-NSA","","3550","3550","10","FB","","","760","116672103257","25","25","65","0","X","46","116672103257","200","-10.908806","-37.058556","G","2024-08-27","1999-12-01","","99a745f8665faf52","2041-12-08","","","Aracaju"
"LIC-LIC-01","TIM S A","50409428698","010","105812021","442403119","Travessa Almirante Tamandaré","Esquina Com José De Barros","SE","2800308","100MG7W","NR","SA-NSA","","3550","3550","90","FB","","","760","116672103257","25","25","65","0","X","46","116672103257","200","-10.908806","-37.058556","G","2024-08-27","1999-12-01","","99a745f8665faf53","2041-12-08","","","Aracaju"
"LIC-LIC-01","TIM S A","50409428698","010","105812021","442403119","Travessa Almirante Tamandaré","Esquina Com José De Barros","SE","2800308","100MG7W","NR","SA-NSA","","3550","3550","280","FB","","","760","116672103257","25","25","65","0","X","46","116672103257","200","-10.908806","-37.058556","G","2024-08-27","1999-12-01","","99a745f8665faf54","2041-12-08","","","Aracaju"
"LIC-LIC-01","TIM S A","50409428698","010","105812021","687371368","Avenida Centenário","-","SE","2800308","100MG7W","NR","SA-NSA","","3550","3550","80","FB","","","760","116672103257","25","25","65","0","X","31","116672103257","200","-10.893611","-37.094167","G","2024-10-03","2005-09-14","","99a745f8665faf67","2041-12-08","","","Aracaju"
"LIC-LIC-01","TIM S A","50409428698","010","105812021","687371368","Avenida Centenário","-","SE","2800308","100MG7W","NR","SA-NSA","","3550","3550","210","FB","","","760","116672103257","25","25","65","0","X","31","116672103257","200","-10.893611","-37.094167","G","2024-10-03","2005-09-14","","99a745f8665faf68","2041-12-08","","","Aracaju"
"LIC-LIC-01","TIM S A","50409428698","010","105812021","687371368","Avenida Centenário","-","SE","2800308","100MG7W","NR","SA-NSA","","3550","3550","300","FB","","","760","116672103257","25","25","65","0","X","31","116672103257","200","-10.893611","-37.094167","G","2024-10-03","2005-09-14","","99a745f8665faf69","2041-12-08","","","Aracaju"
"LIC-LIC-01","TIM S A","50409428698","010","105812021","442403135","AVENIDA CHANCELER ARANHA","","SE","2800308","100MG7W","NR","SA-NSA","","3550","3550","5","FB","","","760","100462102519","25","25","65","-7","X","30","100462102519","200","-10.909722","-37.075556","G","2023-08-04","1999-12-01","","46fb45f88a4aa889","2023-11-28","","","Aracaju"
"LIC-LIC-01","TIM S A","50409428698","010","105812021","442403135","AVENIDA CHANCELER ARANHA","","SE","2800308","100MG7W","NR","SA-NSA","","3550","3550","145","FB","","","760","100462102519","25","25","65","-7","X","30","100462102519","200","-10.909722","-37.075556","G","2023-08-04","1999-12-01","","46fb45f88a4aa88a","2023-11-28","","","Aracaju"
"LIC-LIC-01","TIM S A","50409428698","010","105812021","442403135","AVENIDA CHANCELER ARANHA","","SE","2800308","100MG7W","NR","SA-NSA","","3550","3550","265","FB","","","760","100462102519","25","25","65","-7","X","30","100462102519","200","-10.909722","-37.075556","G","2023-08-04","1999-12-01","","46fb45f88a4aa88b","2023-11-28","","","Aracaju"
"LIC-LIC-01","TIM S A","50409428698","010","105812021","689383860","Avenida Alexandre Alcino","Vizinho Ao Nº 80","SE","2800308","100MG7W","NR","SA-NSA","","3550","3550","50","FB","","","760","116672103257","25","25","65","0","X","36.5","116672103257","200","-10.996667","-37.10225","G","2024-10-03","2007-07-23","","46fb45f88a4aa8a1","2041-12-08","","","Aracaju"
"LIC-LIC-01","TIM S A","50409428698","010","105812021","689383860","Avenida Alexandre Alcino","Vizinho Ao Nº 80","SE","2800308","100MG7W","NR","SA-NSA","","3550","3550","140","FB","","","760","116672103257","25","25","65","0","X","34.5","116672103257","200","-10.996667","-37.10225","G","2024-10-03","2007-07-23","","46fb45f88a4aa8a2","2041-12-08","","","Aracaju"
"LIC-LIC-01","TIM S A","50409428698","010","105812021","689383860","Avenida Alexandre Alcino","Vizinho Ao Nº 80","SE","2800308","100MG7W","NR","SA-NSA","","3550","3550","250","FB","","","760","116672103257","25","25","65","0","X","37","116672103257","200","-10.996667","-37.10225","G","2024-10-03","2007-07-23","","46fb45f88a4aa8a3","2041-12-08","","","Aracaju"
"LIC-LIC-01","TIM S A","50409428698","010","105812021","1798090","Avenida Juscelino Kubitschek","Clínica Repouso São Marcelo","SE","2800308","100MG7W","NR","SA-NSA","","3550","3550","40","FB","","","760","116672103257","25","25","65","0","X","39","116672103257","200","-10.893139","-37.07225","G","2024-08-27","2002-08-23","","46fb45f88a4aa8cb","2041-12-08","","","Aracaju"
"LIC-LIC-01","TIM S A","50409428698","010","105812021","1798090","Avenida Juscelino Kubitschek","Clínica Repouso São Marcelo","SE","2800308","100MG7W","NR","SA-NSA","","3550","3550","150","FB","","","760","116672103257","25","25","65","0","X","31","116672103257","200","-10.893139","-37.07225","G","2024-08-27","2002-08-23","","46fb45f88a4aa8cc","2041-12-08","","","Aracaju"
"LIC-LIC-01","TIM S A","50409428698","010","105812021","1798090","Avenida Juscelino Kubitschek","Clínica Repouso São Marcelo","SE","2800308","100MG7W","NR","SA-NSA","","3550","3550","270","FB","","","760","116672103257","25","25","65","0","X","36","116672103257","200","-10.893139","-37.07225","G","2024-08-27","2002-08-23","","46fb45f88a4aa8cd","2041-12-08","","","Aracaju"
"LIC-LIC-01","TIM S A","50409428698","010","105812021","1014864850","RUA PROJETADA","","SE","2800308","100MG7W","NR","SA-NSA","","3550","3550","0","FB","","","760","100462102519","24.4","25","65","0","X","40","100462102519","200","-10.8725","-37.0765","G","2024-05-07","2023-04-20","","3856e5f85311f68c","2041-12-08","","","Aracaju"
"LIC-LIC-01","TIM S A","50409428698","010","105812021","1014864850","RUA PROJETADA","","SE","2800308","100MG7W","NR","SA-NSA","","3550","3550","120","FB","","","760","100462102519","24.4","25","65","0","X","40","100462102519","200","-10.8725","-37.0765","G","2024-05-07","2023-04-20","","3856e5f85311f68d","2041-12-08","","","Aracaju"
"LIC-LIC-01","TIM S A","50409428698","010","105812021","1014864850","RUA PROJETADA","","SE","2800308","100MG7W","NR","SA-NSA","","3550","3550","240","FB","","","760","100462102519","24.4","25","65","0","X","40","100462102519","200","-10.8725","-37.0765","G","2024-05-07","2023-04-20","","3856e5f85311f68e","2041-12-08","","","Aracaju"
"LIC-LIC-01","TIM S A","50409428698","010","105812021","1014506570","AVENIDA SÃO JOÃO BATISTA","","SE","2800308","100MG7W","NR","SA-NSA","","3550","3550","0","FB","","","760","100462102519","25","25","65","-4","X","30","100462102519","200","-10.934417","-37.081278","G","2024-06-04","2022-11-28","","3856e5f886d00b78","2041-12-08","","","Aracaju"
"LIC-LIC-01","TIM S A","50409428698","010","105812021","1014506570","AVENIDA SÃO JOÃO BATISTA","","SE","2800308","100MG7W","NR","SA-NSA","","3550","3550","120","FB","","","760","100462102519","25","25","65","-4","X","30","100462102519","200","-10.934417","-37.081278","G","2024-06-04","2022-11-28","","3856e5f886d00b79","2041-12-08","","","Aracaju"
"LIC-LIC-01","TIM S A","50409428698","010","105812021","1014506570","AVENIDA SÃO JOÃO BATISTA","","SE","2800308","100MG7W","NR","SA-NSA","","3550","3550","240","FB","","","760","100462102519","25","25","65","-4","X","30","100462102519","200","-10.934417","-37.081278","G","2024-06-04","2022-11-28","","3856e5f886d00b7a","2041-12-08","","","Aracaju"
"LIC-LIC-01","TIM S A","50409428698","010","105812021","1014506589","AV","","SE","2800308","100MG7W","NR","SA-NSA","","3550","3550","0","FB","","","760","100462102519","25","25","65","-4","X","30","100462102519","200","-10.979499","-37.0962","G","2024-11-21","2022-11-28","","3856e5f886d2c03f","2041-12-08","","","Aracaju"
"LIC-LIC-01","TIM S A","50409428698","010","105812021","1014506589","AV","","SE","2800308","100MG7W","NR","SA-NSA","","3550","3550","120","FB","","","760","100462102519","25","25","65","-4","X","30","100462102519","200","-10.979499","-37.0962","G","2024-11-21","2022-11-28","","3856e5f886d2c040","2041-12-08","","","Aracaju"
"LIC-LIC-01","TIM S A","50409428698","010","105812021","1014506589","AV","","SE","2800308","100MG7W","NR","SA-NSA","","3550","3550","240","FB","","","760","100462102519","25","25","65","-4","X","30","100462102519","200","-10.979499","-37.0962","G","2024-11-21","2022-11-28","","3856e5f886d2c041","2041-12-08","","","Aracaju"
"LIC-LIC-01","TIM S A","50409428698","010","105812021","1015600163","RUA PROJETADA","ARACAJU","SE","2800308","100MG7W","NR","SA-NSA","","3550","3550","70","FB","","","760","100462102519","24.4","25","65","-4","X","40","100462102519","200","-10.941962","-37.066205","G","2024-05-10","2024-01-17","","3856e5f8904f7e57","2041-12-08","","","Aracaju"
"LIC-LIC-01","TIM S A","50409428698","010","105812021","1015600163","RUA PROJETADA","ARACAJU","SE","2800308","100MG7W","NR","SA-NSA","","3550","3550","260","FB","","","760","100462102519","24.4","25","65","-4","X","40","100462102519","200","-10.941962","-37.066205","G","2024-05-10","2024-01-17","","3856e5f8904f7e58","2041-12-08","","","Aracaju"
"LIC-LIC-01","TIM S A","50409428698","010","105812021","1015600163","RUA PROJETADA","ARACAJU","SE","2800308","100MG7W","NR","SA-NSA","","3550","3550","300","FB","","","760","100462102519","24.4","25","65","-4","X","40","100462102519","200","-10.941962","-37.066205","G","2024-05-10","2024-01-17","","3856e5f8904f7e59","2041-12-08","","","Aracaju"
"LIC-LIC-01","TIM S A","50409428698","010","105812021","442403143","RUA JANE BOMFIM","AQUISITADO","SE","2800308","100MG7W","NR","SA-NSA","","3550","3550","160","FB","","","760","116672103257","25","25","65","-4","X","28","116672103257","200","-10.893528","-37.084611","G","2024-12-13","1999-12-01","","855f3af802cf2894","2041-12-08","","","Aracaju"
"LIC-LIC-01","TIM S A","50409428698","010","105812021","442403143","RUA JANE BOMFIM","AQUISITADO","SE","2800308","100MG7W","NR","SA-NSA","","3550","3550","20","FB","","","760","116672103257","25","25","65","-4","X","28","116672103257","200","-10.893528","-37.084611","G","2024-12-13","1999-12-01","","855f3af802cf2895","2041-12-08","","","Aracaju"
"LIC-LIC-01","TIM S A","50409428698","010","105812021","442403143","RUA JANE BOMFIM","AQUISITADO","SE","2800308","100MG7W","NR","SA-NSA","","3550","3550","280","FB","","","760","116672103257","25","25","65","-4","X","28","116672103257","200","-10.893528","-37.084611","G","2024-12-13","1999-12-01","","855f3af802cf2896","2041-12-08","","","Aracaju"
"LIC-LIC-01","TIM S A","50409428698","010","105812021","356130843","RUA MANOEL GARANGAU","","SE","2802908","100MG7W","NR","SA-NSA","","3550","3550","180","FB","","","760","100462102519","25","25","65","-7","X","55","100462102519","200","-10.687561","-37.426842","G","2024-11-18","1999-06-14","","d0123af8031fa1c0","2041-12-08","","","Itabaiana"
"LIC-LIC-01","TIM S A","50409428698","010","105812021","356130843","RUA MANOEL GARANGAU","","SE","2802908","100MG7W","NR","SA-NSA","","3550","3550","295","FB","","","760","100462102519","25","25","65","-7","X","55","100462102519","200","-10.687561","-37.426842","G","2024-11-18","1999-06-14","","d0123af8031fa1c1","2041-12-08","","","Itabaiana"
"LIC-LIC-01","TIM S A","50409428698","010","105812021","356130843","RUA MANOEL GARANGAU","","SE","2802908","100MG7W","NR","SA-NSA","","3550","3550","50","FB","","","760","100462102519","25","25","65","-7","X","55","100462102519","200","-10.687561","-37.426842","G","2024-11-18","1999-06-14","","d0123af8031fa1c2","2041-12-08","","","Itabaiana"
"LIC-LIC-01","TIM S A","50409428698","010","105812021","356130843","RUA MANOEL GARANGAU","","SE","2802908","100MG7W","NR","SA-NSA","","3550","3550","180","FB","","","760","116672103257","25","25","65","-7","X","55","116672103257","200","-10.687561","-37.426842","G","2024-11-22","1999-06-14","","551a3af80479f654","2041-12-08","","","Itabaiana"
"LIC-LIC-01","TIM S A","50409428698","010","105812021","356130843","RUA MANOEL GARANGAU","","SE","2802908","100MG7W","NR","SA-NSA","","3550","3550","295","FB","","","760","116672103257","25","25","65","-7","X","55","116672103257","200","-10.687561","-37.426842","G","2024-11-22","1999-06-14","","551a3af80479f655","2041-12-08","","","Itabaiana"
"LIC-LIC-01","TIM S A","50409428698","010","105812021","356130843","RUA MANOEL GARANGAU","","SE","2802908","100MG7W","NR","SA-NSA","","3550","3550","50","FB","","","760","116672103257","25","25","65","-7","X","55","116672103257","200","-10.687561","-37.426842","G","2024-11-22","1999-06-14","","551a3af80479f656","2041-12-08","","","Itabaiana"
"LIC-LIC-01","TIM S A","50409428698","010","105812021","1787080","Rua B","Lote C1 Loteamento Aruana","SE","2800308","100MG7W","NR","SA-NSA","","3550","3550","40","FB","","","760","100462102519","25","25","65","0","X","48.6","100462102519","200","-11.014361","-37.076556","G","2024-11-22","2002-08-23","","86073af8007df569","2041-12-08","","","Aracaju"
"LIC-LIC-01","TIM S A","50409428698","010","105812021","1787080","Rua B","Lote C1 Loteamento Aruana","SE","2800308","100MG7W","NR","SA-NSA","","3550","3550","220","FB","","","760","100462102519","25","25","65","0","X","54.6","100462102519","200","-11.014361","-37.076556","G","2024-11-22","2002-08-23","","86073af8007df56a","2041-12-08","","","Aracaju"
"LIC-LIC-01","TIM S A","50409428698","010","105812021","1787080","Rua B","Lote C1 Loteamento Aruana","SE","2800308","100MG7W","NR","SA-NSA","","3550","3550","280","FB","","","760","100462102519","25","25","65","0","X","51.9","100462102519","200","-11.014361","-37.076556","G","2024-11-22","2002-08-23","","86073af8007df56b","2041-12-08","","","Aracaju"
"LIC-LIC-01","TIM S A","50409428698","010","105812021","1787080","Rua B","Lote C1 Loteamento Aruana","SE","2800308","100MG7W","NR","SA-NSA","","3550","3550","40","FB","","","760","100462102519","25","25","65","0","X","47.4","100462102519","200","-11.014361","-37.076556","G","2024-11-22","2002-08-23","","86073af8007df56c","2041-12-08","","","Aracaju"
"LIC-LIC-01","TIM S A","50409428698","010","105812021","1787080","Rua B","Lote C1 Loteamento Aruana","SE","2800308","100MG7W","NR","SA-NSA","","3550","3550","220","FB","","","760","100462102519","25","25","65","0","X","54.3","100462102519","200","-11.014361","-37.076556","G","2024-11-22","2002-08-23","","86073af8007df56d","2041-12-08","","","Aracaju"
"LIC-LIC-01","TIM S A","50409428698","010","105812021","1787080","Rua B","Lote C1 Loteamento Aruana","SE","2800308","100MG7W","NR","SA-NSA","","3550","3550","280","FB","","","760","100462102519","25","25","65","0","X","50.7","100462102519","200","-11.014361","-37.076556","G","2024-11-22","2002-08-23","","86073af8007df56e","2041-12-08","","","Aracaju"
"LIC-LIC-01","TIM S A","50409428698","010","105812021","1787128","Avenida José Prudente De Menezes","-","SE","2800308","100MG7W","NR","SA-NSA","","3550","3550","0","FB","","","760","100462102519","25","25","65","0","X","27","100462102519","200","-10.987417","-37.070722","G","2024-11-22","2002-08-23","","86073af8007df587","2041-12-08","","","Aracaju"
"LIC-LIC-01","TIM S A","50409428698","010","105812021","1787128","Avenida José Prudente De Menezes","-","SE","2800308","100MG7W","NR","SA-NSA","","3550","3550","150","FB","","","760","100462102519","25","25","65","0","X","27","100462102519","200","-10.987417","-37.070722","G","2024-11-22","2002-08-23","","86073af8007df588","2041-12-08","","","Aracaju"
"LIC-LIC-01","TIM S A","50409428698","010","105812021","1787128","Avenida José Prudente De Menezes","-","SE","2800308","100MG7W","NR","SA-NSA","","3550","3550","240","FB","","","760","100462102519","25","25","65","0","X","27","100462102519","200","-10.987417","-37.070722","G","2024-11-22","2002-08-23","","86073af8007df589","2041-12-08","","","Aracaju"
"LIC-LIC-01","TIM S A","50409428698","010","105812021","1798073","Rua Araua","Edificio Del Rey","SE","2800308","100MG7W","NR","SA-NSA","","3550","3550","30","FB","","","760","100462102519","25","25","65","0","X","45.5","100462102519","200","-10.917139","-37.052944","G","2024-11-22","2002-08-23","","86073af8007df59c","2041-12-08","","","Aracaju"
"LIC-LIC-01","TIM S A","50409428698","010","105812021","1798073","Rua Araua","Edificio Del Rey","SE","2800308","100MG7W","NR","SA-NSA","","3550","3550","170","FB","","","760","100462102519","25","25","65","0","X","45.5","100462102519","200","-10.917139","-37.052944","G","2024-11-22","2002-08-23","","86073af8007df59d","2041-12-08","","","Aracaju"
"LIC-LIC-01","TIM S A","50409428698","010","105812021","1798073","Rua Araua","Edificio Del Rey","SE","2800308","100MG7W","NR","SA-NSA","","3550","3550","260","FB","","","760","100462102519","25","25","65","0","X","45.5","100462102519","200","-10.917139","-37.052944","G","2024-11-22","2002-08-23","","86073af8007df59e","2041-12-08","","","Aracaju"
"LIC-LIC-01","TIM S A","50409428698","010","105812021","356130932","Rodovia Joao Alves Bezerra","-","SE","2800308","100MG7W","NR","SA-NSA","","3550","3550","40","FB","","","760","100462102519","25","25","65","0","X","53","100462102519","200","-11.075","-37.12472","G","2024-11-22","1999-06-14","","86073af8007df5f7","2041-12-08","","","Aracaju"
"LIC-LIC-01","TIM S A","50409428698","010","105812021","356130932","Rodovia Joao Alves Bezerra","-","SE","2800308","100MG7W","NR","SA-NSA","","3550","3550","200","FB","","","760","100462102519","25","25","65","0","X","53","100462102519","200","-11.075","-37.12472","G","2024-11-22","1999-06-14","","86073af8007df5f8","2041-12-08","","","Aracaju"
"LIC-LIC-01","TIM S A","50409428698","010","105812021","356130932","Rodovia Joao Alves Bezerra","-","SE","2800308","100MG7W","NR","SA-NSA","","3550","3550","40","FB","","","760","100462102519","25","25","65","0","X","48","100462102519","200","-11.075","-37.12472","G","2024-11-22","1999-06-14","","86073af8007df5f9","2041-12-08","","","Aracaju"
"LIC-LIC-01","TIM S A","50409428698","010","105812021","356130932","Rodovia Joao Alves Bezerra","-","SE","2800308","100MG7W","NR","SA-NSA","","3550","3550","300","FB","","","760","100462102519","25","25","65","0","X","48","100462102519","200","-11.075","-37.12472","G","2024-11-22","1999-06-14","","86073af8007df5fa","2041-12-08","","","Aracaju"
"LIC-LIC-01","TIM S A","50409428698","010","105812021","356130932","Rodovia Joao Alves Bezerra","-","SE","2800308","100MG7W","NR","SA-NSA","","3550","3550","200","FB","","","760","100462102519","25","25","65","0","X","48","100462102519","200","-11.075","-37.12472","G","2024-11-22","1999-06-14","","86073af8007df5fb","2041-12-08","","","Aracaju"
"LIC-LIC-01","TIM S A","50409428698","010","105812021","356130932","Rodovia Joao Alves Bezerra","-","SE","2800308","100MG7W","NR","SA-NSA","","3550","3550","190","FB","","","760","100462102519","25","25","65","0","X","53","100462102519","200","-11.075","-37.12472","G","2024-11-22","1999-06-14","","86073af8007df5fc","2041-12-08","","","Aracaju"
"LIC-LIC-01","TIM S A","50409428698","010","105812021","356130932","Rodovia Joao Alves Bezerra","-","SE","2800308","100MG7W","NR","SA-NSA","","3550","3550","40","FB","","","760","100462102519","25","25","65","0","X","54","100462102519","200","-11.075","-37.12472","G","2024-11-22","1999-06-14","","86073af8007df5fd","2041-12-08","","","Aracaju"
"LIC-LIC-01","TIM S A","50409428698","010","105812021","356130932","Rodovia Joao Alves Bezerra","-","SE","2800308","100MG7W","NR","SA-NSA","","3550","3550","310","FB","","","760","100462102519","25","25","65","0","X","48","100462102519","200","-11.075","-37.12472","G","2024-11-22","1999-06-14","","86073af8007df5fe","2041-12-08","","","Aracaju"
"LIC-LIC-01","TIM S A","50409428698","010","105812021","356130932","Rodovia Joao Alves Bezerra","-","SE","2800308","100MG7W","NR","SA-NSA","","3550","3550","40","FB","","","760","100462102519","25","25","65","0","X","52.5","100462102519","200","-11.075","-37.12472","G","2024-11-22","1999-06-14","","86073af8007df5ff","2041-12-08","","","Aracaju"
"LIC-LIC-01","TIM S A","50409428698","010","105812021","356130932","Rodovia Joao Alves Bezerra","-","SE","2800308","100MG7W","NR","SA-NSA","","3550","3550","155","FB","","","760","100462102519","25","25","65","0","X","52.5","100462102519","200","-11.075","-37.12472","G","2024-11-22","1999-06-14","","86073af8007df600","2041-12-08","","","Aracaju"
"LIC-LIC-01","TIM S A","50409428698","010","105812021","356130932","Rodovia Joao Alves Bezerra","-","SE","2800308","100MG7W","NR","SA-NSA","","3550","3550","265","FB","","","760","100462102519","25","25","65","0","X","47.5","100462102519","200","-11.075","-37.12472","G","2024-11-22","1999-06-14","","86073af8007df601","2041-12-08","","","Aracaju"
"LIC-LIC-01","TIM S A","50409428698","010","105812021","442403127","Rua Guilhermino Rezende","-","SE","2800308","100MG7W","NR","SA-NSA","","3550","3550","270","FB","","","760","100462102519","25","25","65","0","X","30","100462102519","200","-10.92417","-37.04944","G","2024-11-22","2000-03-20","","86073af8007df693","2041-12-08","","","Aracaju"
"LIC-LIC-01","TIM S A","50409428698","010","105812021","442403127","Rua Guilhermino Rezende","-","SE","2800308","100MG7W","NR","SA-NSA","","3550","3550","150","FB","","","760","100462102519","25","25","65","0","X","30","100462102519","200","-10.92417","-37.04944","G","2024-11-22","2000-03-20","","86073af8007df694","2041-12-08","","","Aracaju"
"LIC-LIC-01","TIM S A","50409428698","010","105812021","442403127","Rua Guilhermino Rezende","-","SE","2800308","100MG7W","NR","SA-NSA","","3550","3550","30","FB","","","760","100462102519","25","25","65","0","X","30","100462102519","200","-10.92417","-37.04944","G","2024-11-22","2000-03-20","","86073af8007df695","2041-12-08","","","Aracaju"
"LIC-LIC-01","TIM S A","50409428698","010","105812021","442403127","Rua Guilhermino Rezende","-","SE","2800308","100MG7W","NR","SA-NSA","","3550","3550","30","FB","","","760","100462102519","25","25","65","0","X","25","100462102519","200","-10.92417","-37.04944","G","2024-11-22","2000-03-20","","86073af8007df696","2041-12-08","","","Aracaju"
"LIC-LIC-01","TIM S A","50409428698","010","105812021","442403127","Rua Guilhermino Rezende","-","SE","2800308","100MG7W","NR","SA-NSA","","3550","3550","150","FB","","","760","100462102519","25","25","65","0","X","25","100462102519","200","-10.92417","-37.04944","G","2024-11-22","2000-03-20","","86073af8007df697","2041-12-08","","","Aracaju"
"LIC-LIC-01","TIM S A","50409428698","010","105812021","442403127","Rua Guilhermino Rezende","-","SE","2800308","100MG7W","NR","SA-NSA","","3550","3550","270","FB","","","760","100462102519","25","25","65","0","X","25","100462102519","200","-10.92417","-37.04944","G","2024-11-22","2000-03-20","","86073af8007df698","2041-12-08","","","Aracaju"
"LIC-LIC-01","TIM S A","50409428698","010","105812021","442802650","Rua Geru","-","SE","2800308","100MG7W","NR","SA-NSA","","3550","3550","350","FB","","","760","100462102519","25","25","65","0","X","31.3","100462102519","200","-10.910583","-37.052111","G","2024-11-22","2000-02-03","","86073af8007df6dd","2041-12-08","","","Aracaju"
"LIC-LIC-01","TIM S A","50409428698","010","105812021","442802650","Rua Geru","-","SE","2800308","100MG7W","NR","SA-NSA","","3550","3550","140","FB","","","760","100462102519","25","25","65","0","X","31.3","100462102519","200","-10.910583","-37.052111","G","2024-11-22","2000-02-03","","86073af8007df6de","2041-12-08","","","Aracaju"
"LIC-LIC-01","TIM S A","50409428698","010","105812021","442802650","Rua Geru","-","SE","2800308","100MG7W","NR","SA-NSA","","3550","3550","240","FB","","","760","100462102519","25","25","65","0","X","31.3","100462102519","200","-10.910583","-37.052111","G","2024-11-22","2000-02-03","","86073af8007df6df","2041-12-08","","","Aracaju"
"LIC-LIC-01","TIM S A","50409428698","010","105812021","684412268","Avenida Marechal Rondon","LOTE 23","SE","2800308","100MG7W","NR","SA-NSA","","3550","3550","75","FB","","","760","100462102519","25","25","65","0","X","37.5","100462102519","200","-10.9225","-37.09475","G","2024-11-22","2004-03-23","","86073af8007df6fe","2041-12-08","","","Aracaju"
"LIC-LIC-01","TIM S A","50409428698","010","105812021","684412268","Avenida Marechal Rondon","LOTE 23","SE","2800308","100MG7W","NR","SA-NSA","","3550","3550","250","FB","","","760","100462102519","25","25","65","0","X","33","100462102519","200","-10.9225","-37.09475","G","2024-11-22","2004-03-23","","86073af8007df6ff","2041-12-08","","","Aracaju"
"LIC-LIC-01","TIM S A","50409428698","010","105812021","684793555","Rua Guapore","Esquina Travessa Bhia","SE","2800308","100MG7W","NR","SA-NSA","","3550","3550","30","FB","","","760","100462102519","25","25","65","0","X","24","100462102519","200","-10.916917","-37.070889","G","2024-11-22","2004-09-27","","86073af8007df712","2041-12-08","","","Aracaju"
"LIC-LIC-01","TIM S A","50409428698","010","105812021","684793555","Rua Guapore","Esquina Travessa Bhia","SE","2800308","100MG7W","NR","SA-NSA","","3550","3550","200","FB","","","760","100462102519","25","25","65","0","X","24","100462102519","200","-10.916917","-37.070889","G","2024-11-22","2004-09-27","","86073af8007df713","2041-12-08","","","Aracaju"
"LIC-LIC-01","TIM S A","50409428698","010","105812021","684793555","Rua Guapore","Esquina Travessa Bhia","SE","2800308","100MG7W","NR","SA-NSA","","3550","3550","270","FB","","","760","100462102519","25","25","65","0","X","31","100462102519","200","-10.916917","-37.070889","G","2024-11-22","2004-09-27","","86073af8007df714","2041-12-08","","","Aracaju"
"LIC-LIC-01","TIM S A","50409428698","010","105812021","684793555","Rua Guapore","Esquina Travessa Bhia","SE","2800308","100MG7W","NR","SA-NSA","","3550","3550","60","FB","","","760","100462102519","25","25","65","0","X","24","100462102519","200","-10.916917","-37.070889","G","2024-11-22","2004-09-27","","86073af8007df715","2041-12-08","","","Aracaju"
"LIC-LIC-01","TIM S A","50409428698","010","105812021","684793555","Rua Guapore","Esquina Travessa Bhia","SE","2800308","100MG7W","NR","SA-NSA","","3550","3550","230","FB","","","760","100462102519","25","25","65","0","X","24","100462102519","200","-10.916917","-37.070889","G","2024-11-22","2004-09-27","","86073af8007df716","2041-12-08","","","Aracaju"
"LIC-LIC-01","TIM S A","50409428698","010","105812021","684793555","Rua Guapore","Esquina Travessa Bhia","SE","2800308","100MG7W","NR","SA-NSA","","3550","3550","300","FB","","","760","100462102519","25","25","65","0","X","31","100462102519","200","-10.916917","-37.070889","G","2024-11-22","2004-09-27","","86073af8007df717","2041-12-08","","","Aracaju"
"LIC-LIC-01","TIM S A","50409428698","010","105812021","684969467","Rodovia Ayrton Sena","-","SE","2800308","100MG7W","NR","SA-NSA","","3550","3550","150","FB","","","760","100462102519","25","25","65","0","X","23","100462102519","200","-11.091306","-37.136028","G","2024-11-22","2004-12-14","","86073af8007df779","2041-12-08","","","Aracaju"
"LIC-LIC-01","TIM S A","50409428698","010","105812021","684969467","Rodovia Ayrton Sena","-","SE","2800308","100MG7W","NR","SA-NSA","","3550","3550","150","FB","","","760","100462102519","25","25","65","0","X","27","100462102519","200","-11.091306","-37.136028","G","2024-11-22","2004-12-14","","86073af8007df77a","2041-12-08","","","Aracaju"
"LIC-LIC-01","TIM S A","50409428698","010","105812021","684969467","Rodovia Ayrton Sena","-","SE","2800308","100MG7W","NR","SA-NSA","","3550","3550","240","FB","","","760","100462102519","25","25","65","0","X","27","100462102519","200","-11.091306","-37.136028","G","2024-11-22","2004-12-14","","86073af8007df77b","2041-12-08","","","Aracaju"
"LIC-LIC-01","TIM S A","50409428698","010","105812021","684969467","Rodovia Ayrton Sena","-","SE","2800308","100MG7W","NR","SA-NSA","","3550","3550","240","FB","","","760","100462102519","25","25","65","0","X","23","100462102519","200","-11.091306","-37.136028","G","2024-11-22","2004-12-14","","86073af8007df77c","2041-12-08","","","Aracaju"
"LIC-LIC-01","TIM S A","50409428698","010","105812021","684969467","Rodovia Ayrton Sena","-","SE","2800308","100MG7W","NR","SA-NSA","","3550","3550","315","FB","","","760","100462102519","25","25","65","0","X","23","100462102519","200","-11.091306","-37.136028","G","2024-11-22","2004-12-14","","86073af8007df77d","2041-12-08","","","Aracaju"
"LIC-LIC-01","TIM S A","50409428698","010","105812021","684969467","Rodovia Ayrton Sena","-","SE","2800308","100MG7W","NR","SA-NSA","","3550","3550","315","FB","","","760","100462102519","25","25","65","0","X","27","100462102519","200","-11.091306","-37.136028","G","2024-11-22","2004-12-14","","86073af8007df77e","2041-12-08","","","Aracaju"
"LIC-LIC-01","TIM S A","50409428698","010","105812021","684969467","Rodovia Ayrton Sena","-","SE","2800308","100MG7W","NR","SA-NSA","","3550","3550","270","FB","","","760","100462102519","25","25","65","0","X","24","100462102519","200","-11.091306","-37.136028","G","2024-11-22","2004-12-14","","86073af8007df77f","2041-12-08","","","Aracaju"
"LIC-LIC-01","TIM S A","50409428698","010","105812021","684969467","Rodovia Ayrton Sena","-","SE","2800308","100MG7W","NR","SA-NSA","","3550","3550","330","FB","","","760","100462102519","25","25","65","0","X","24","100462102519","200","-11.091306","-37.136028","G","2024-11-22","2004-12-14","","86073af8007df780","2041-12-08","","","Aracaju"
"LIC-LIC-01","TIM S A","50409428698","010","105812021","684969467","Rodovia Ayrton Sena","-","SE","2800308","100MG7W","NR","SA-NSA","","3550","3550","85","FB","","","760","100462102519","25","25","65","0","X","23.7","100462102519","200","-11.091306","-37.136028","G","2024-11-22","2004-12-14","","86073af8007df781","2041-12-08","","","Aracaju"
"LIC-LIC-01","TIM S A","50409428698","010","105812021","684969467","Rodovia Ayrton Sena","-","SE","2800308","100MG7W","NR","SA-NSA","","3550","3550","175","FB","","","760","100462102519","25","25","65","0","X","23.7","100462102519","200","-11.091306","-37.136028","G","2024-11-22","2004-12-14","","86073af8007df782","2041-12-08","","","Aracaju"
"LIC-LIC-01","TIM S A","50409428698","010","105812021","684969467","Rodovia Ayrton Sena","-","SE","2800308","100MG7W","NR","SA-NSA","","3550","3550","290","FB","","","760","100462102519","25","25","65","0","X","22.5","100462102519","200","-11.091306","-37.136028","G","2024-11-22","2004-12-14","","86073af8007df783","2041-12-08","","","Aracaju"
"LIC-LIC-01","TIM S A","50409428698","010","105812021","684974525","Rua Antonio Dos Santos","-","SE","2800308","100MG7W","NR","SA-NSA","","3550","3550","300","FB","","","760","100462102519","25","25","65","0","X","27.5","100462102519","200","-10.876694","-37.051667","G","2024-11-22","2004-12-14","","86073af8007df790","2041-12-08","","","Aracaju"
"LIC-LIC-01","TIM S A","50409428698","010","105812021","684974525","Rua Antonio Dos Santos","-","SE","2800308","100MG7W","NR","SA-NSA","","3550","3550","150","FB","","","760","100462102519","25","25","65","0","X","27.5","100462102519","200","-10.876694","-37.051667","G","2024-11-22","2004-12-14","","86073af8007df791","2041-12-08","","","Aracaju"
"LIC-LIC-01","TIM S A","50409428698","010","105812021","690687796","Rua Bolívia","-","SE","2800308","100MG7W","NR","SA-NSA","","3550","3550","230","FB","","","760","100462102519","25","25","65","0","X","27","100462102519","200","-10.888333","-37.066389","G","2024-11-22","2008-10-01","","86073af8007df7d3","2041-12-08","","","Aracaju"
"LIC-LIC-01","TIM S A","50409428698","010","105812021","690687796","Rua Bolívia","-","SE","2800308","100MG7W","NR","SA-NSA","","3550","3550","300","FB","","","760","100462102519","25","25","65","0","X","27","100462102519","200","-10.888333","-37.066389","G","2024-11-22","2008-10-01","","86073af8007df7d4","2041-12-08","","","Aracaju"
"LIC-LIC-01","TIM S A","50409428698","010","105812021","690687796","Rua Bolívia","-","SE","2800308","100MG7W","NR","SA-NSA","","3550","3550","140","FB","","","760","100462102519","25","25","65","0","X","27","100462102519","200","-10.888333","-37.066389","G","2024-11-22","2008-10-01","","86073af8007df7d5","2041-12-08","","","Aracaju"
"LIC-LIC-01","TIM S A","50409428698","010","105812021","695284037","Avenida Edésio Vieira De Melo","-","SE","2800308","100MG7W","NR","SA-NSA","","3550","3550","160","FB","","","760","100462102519","25","25","65","0","X","14","100462102519","200","-10.923333","-37.06","G","2024-11-22","2011-03-29","","86073af8007df7f3","2041-12-08","","","Aracaju"
"LIC-LIC-01","TIM S A","50409428698","010","105812021","695284037","Avenida Edésio Vieira De Melo","-","SE","2800308","100MG7W","NR","SA-NSA","","3550","3550","40","FB","","","760","100462102519","25","25","65","0","X","14","100462102519","200","-10.923333","-37.06","G","2024-11-22","2011-03-29","","86073af8007df7f4","2041-12-08","","","Aracaju"
"LIC-LIC-01","TIM S A","50409428698","010","105812021","695284037","Avenida Edésio Vieira De Melo","-","SE","2800308","100MG7W","NR","SA-NSA","","3550","3550","20","FB","","","760","100462102519","25","25","65","0","X","40","100462102519","200","-10.923333","-37.06","G","2024-11-22","2011-03-29","","86073af8007df7f5","2041-12-08","","","Aracaju"
"LIC-LIC-01","TIM S A","50409428698","010","105812021","695284037","Avenida Edésio Vieira De Melo","-","SE","2800308","100MG7W","NR","SA-NSA","","3550","3550","270","FB","","","760","100462102519","25","25","65","0","X","40","100462102519","200","-10.923333","-37.06","G","2024-11-22","2011-03-29","","86073af8007df7f6","2041-12-08","","","Aracaju"
"LIC-LIC-01","TIM S A","50409428698","010","105812021","695284037","Avenida Edésio Vieira De Melo","-","SE","2800308","100MG7W","NR","SA-NSA","","3550","3550","270","FB","","","760","100462102519","25","25","65","0","X","14","100462102519","200","-10.923333","-37.06","G","2024-11-22","2011-03-29","","86073af8007df7f7","2041-12-08","","","Aracaju"
"LIC-LIC-01","TIM S A","50409428698","010","105812021","695284037","Avenida Edésio Vieira De Melo","-","SE","2800308","100MG7W","NR","SA-NSA","","3550","3550","160","FB","","","760","100462102519","25","25","65","0","X","40","100462102519","200","-10.923333","-37.06","G","2024-11-22","2011-03-29","","86073af8007df7f8","2041-12-08","","","Aracaju"
"LIC-LIC-01","TIM S A","50409428698","010","105812021","695284037","Avenida Edésio Vieira De Melo","-","SE","2800308","100MG7W","NR","SA-NSA","","3550","3550","20","FB","","","760","100462102519","25","25","65","0","X","13.5","100462102519","200","-10.923333","-37.06","G","2024-11-22","2011-03-29","","86073af8007df7f9","2041-12-08","","","Aracaju"
"LIC-LIC-01","TIM S A","50409428698","010","105812021","695284037","Avenida Edésio Vieira De Melo","-","SE","2800308","100MG7W","NR","SA-NSA","","3550","3550","160","FB","","","760","100462102519","25","25","65","0","X","13.5","100462102519","200","-10.923333","-37.06","G","2024-11-22","2011-03-29","","86073af8007df7fa","2041-12-08","","","Aracaju"
"LIC-LIC-01","TIM S A","50409428698","010","105812021","695284037","Avenida Edésio Vieira De Melo","-","SE","2800308","100MG7W","NR","SA-NSA","","3550","3550","270","FB","","","760","100462102519","25","25","65","0","X","13.5","100462102519","200","-10.923333","-37.06","G","2024-11-22","2011-03-29","","86073af8007df7fb","2041-12-08","","","Aracaju"
"LIC-LIC-01","TIM S A","50409428698","010","105812021","695284037","Avenida Edésio Vieira De Melo","-","SE","2800308","100MG7W","NR","SA-NSA","","3550","3550","60","FB","","","760","100462102519","25","25","65","0","X","16","100462102519","200","-10.923333","-37.06","G","2024-11-22","2011-03-29","","86073af8007df7fc","2041-12-08","","","Aracaju"
"LIC-LIC-01","TIM S A","50409428698","010","105812021","695284037","Avenida Edésio Vieira De Melo","-","SE","2800308","100MG7W","NR","SA-NSA","","3550","3550","170","FB","","","760","100462102519","25","25","65","0","X","16","100462102519","200","-10.923333","-37.06","G","2024-11-22","2011-03-29","","86073af8007df7fd","2041-12-08","","","Aracaju"
"LIC-LIC-01","TIM S A","50409428698","010","105812021","695284037","Avenida Edésio Vieira De Melo","-","SE","2800308","100MG7W","NR","SA-NSA","","3550","3550","260","FB","","","760","100462102519","25","25","65","0","X","16","100462102519","200","-10.923333","-37.06","G","2024-11-22","2011-03-29","","86073af8007df7fe","2041-12-08","","","Aracaju"
"LIC-LIC-01","TIM S A","50409428698","010","105812021","1001378536","Travessa José De Faro","-","SE","2800308","100MG7W","NR","SA-NSA","","3550","3550","330","FB","","","760","100462102519","25","25","65","0","X","53.7","100462102519","200","-10.91389","-37.04972","G","2024-11-22","2015-03-27","","86073af8007df90d","2041-12-08","","","Aracaju"
"LIC-LIC-01","TIM S A","50409428698","010","105812021","1001378536","Travessa José De Faro","-","SE","2800308","100MG7W","NR","SA-NSA","","3550","3550","80","FB","","","760","100462102519","25","25","65","0","X","53.7","100462102519","200","-10.91389","-37.04972","G","2024-11-22","2015-03-27","","86073af8007df90e","2041-12-08","","","Aracaju"
"LIC-LIC-01","TIM S A","50409428698","010","105812021","1001378536","Travessa José De Faro","-","SE","2800308","100MG7W","NR","SA-NSA","","3550","3550","180","FB","","","760","100462102519","25","25","65","0","X","53.7","100462102519","200","-10.91389","-37.04972","G","2024-11-22","2015-03-27","","86073af8007df90f","2041-12-08","","","Aracaju"
"LIC-LIC-01","TIM S A","50409428698","010","105812021","1001378536","Travessa José De Faro","-","SE","2800308","100MG7W","NR","SA-NSA","","3550","3550","0","FB","","","760","100462102519","25","25","65","0","X","53.7","100462102519","200","-10.91389","-37.04972","G","2024-11-22","2015-03-27","","86073af8007df910","2041-12-08","","","Aracaju"
"LIC-LIC-01","TIM S A","50409428698","010","105812021","1001378536","Travessa José De Faro","-","SE","2800308","100MG7W","NR","SA-NSA","","3550","3550","120","FB","","","760","100462102519","25","25","65","0","X","53.7","100462102519","200","-10.91389","-37.04972","G","2024-11-22","2015-03-27","","86073af8007df911","2041-12-08","","","Aracaju"
"LIC-LIC-01","TIM S A","50409428698","010","105812021","1001378536","Travessa José De Faro","-","SE","2800308","100MG7W","NR","SA-NSA","","3550","3550","220","FB","","","760","100462102519","25","25","65","0","X","53.7","100462102519","200","-10.91389","-37.04972","G","2024-11-22","2015-03-27","","86073af8007df912","2041-12-08","","","Aracaju"
"LIC-LIC-01","TIM S A","50409428698","010","105812021","1003435669","Rua Claudio Batista","-","SE","2800308","100MG7W","NR","SA-NSA","","3550","3550","100","FB","","","760","100462102519","25","25","65","0","X","24","100462102519","200","-10.894417","-37.061667","G","2024-11-22","2016-11-06","","86073af8007df9db","2041-12-08","","","Aracaju"
"LIC-LIC-01","TIM S A","50409428698","010","105812021","1003435669","Rua Claudio Batista","-","SE","2800308","100MG7W","NR","SA-NSA","","3550","3550","200","FB","","","760","100462102519","25","25","65","0","X","24","100462102519","200","-10.894417","-37.061667","G","2024-11-22","2016-11-06","","86073af8007df9dc","2041-12-08","","","Aracaju"
"LIC-LIC-01","TIM S A","50409428698","010","105812021","1003435669","Rua Claudio Batista","-","SE","2800308","100MG7W","NR","SA-NSA","","3550","3550","300","FB","","","760","100462102519","25","25","65","0","X","24","100462102519","200","-10.894417","-37.061667","G","2024-11-22","2016-11-06","","86073af8007df9dd","2041-12-08","","","Aracaju"
"LIC-LIC-01","TIM S A","50409428698","010","105812021","1004012338","Rua Tenente Cleto Campelo    37","-","SE","2800308","100MG7W","NR","SA-NSA","","3550","3550","90","FB","","","760","100462102519","25","25","65","0","X","17","100462102519","200","-10.899886","-37.068086","G","2024-11-22","2017-05-15","","86073af8007df9de","2041-12-08","","","Aracaju"
"LIC-LIC-01","TIM S A","50409428698","010","105812021","1004012338","Rua Tenente Cleto Campelo    37","-","SE","2800308","100MG7W","NR","SA-NSA","","3550","3550","215","FB","","","760","100462102519","25","25","65","0","X","17","100462102519","200","-10.899886","-37.068086","G","2024-11-22","2017-05-15","","86073af8007df9df","2041-12-08","","","Aracaju"
"LIC-LIC-01","TIM S A","50409428698","010","105812021","1004012338","Rua Tenente Cleto Campelo    37","-","SE","2800308","100MG7W","NR","SA-NSA","","3550","3550","340","FB","","","760","100462102519","25","25","65","0","X","17","100462102519","200","-10.899886","-37.068086","G","2024-11-22","2017-05-15","","86073af8007df9e0","2041-12-08","","","Aracaju"
"LIC-LIC-01","TIM S A","50409428698","010","105812021","1009143074","Rua Paulo Henrique Machado Pimentel","-","SE","2800308","100MG7W","NR","SA-NSA","","3550","3550","0","FB","","","760","100462102519","25","25","65","0","X","18","100462102519","200","-10.951667","-37.072806","G","2024-11-22","2019-09-30","","86073af8007dfad1","2041-12-08","","","Aracaju"
"LIC-LIC-01","TIM S A","50409428698","010","105812021","1009143074","Rua Paulo Henrique Machado Pimentel","-","SE","2800308","100MG7W","NR","SA-NSA","","3550","3550","120","FB","","","760","100462102519","25","25","65","0","X","18","100462102519","200","-10.951667","-37.072806","G","2024-11-22","2019-09-30","","86073af8007dfad2","2041-12-08","","","Aracaju"
"LIC-LIC-01","TIM S A","50409428698","010","105812021","1009143074","Rua Paulo Henrique Machado Pimentel","-","SE","2800308","100MG7W","NR","SA-NSA","","3550","3550","240","FB","","","760","100462102519","25","25","65","0","X","18","100462102519","200","-10.951667","-37.072806","G","2024-11-22","2019-09-30","","86073af8007dfad3","2041-12-08","","","Aracaju"
"LIC-LIC-01","TIM S A","50409428698","010","105812021","1009143082","Avenida Padre Nestor Sampaio","-","SE","2800308","100MG7W","NR","SA-NSA","","3550","3550","50","FB","","","760","100462102519","25","25","65","0","X","18","100462102519","200","-10.93694","-37.06833","G","2024-11-22","2019-09-30","","86073af8007dfada","2041-12-08","","","Aracaju"
"LIC-LIC-01","TIM S A","50409428698","010","105812021","1009143082","Avenida Padre Nestor Sampaio","-","SE","2800308","100MG7W","NR","SA-NSA","","3550","3550","170","FB","","","760","100462102519","25","25","65","0","X","18","100462102519","200","-10.93694","-37.06833","G","2024-11-22","2019-09-30","","86073af8007dfadb","2041-12-08","","","Aracaju"
"LIC-LIC-01","TIM S A","50409428698","010","105812021","1009143082","Avenida Padre Nestor Sampaio","-","SE","2800308","100MG7W","NR","SA-NSA","","3550","3550","290","FB","","","760","100462102519","25","25","65","0","X","18","100462102519","200","-10.93694","-37.06833","G","2024-11-22","2019-09-30","","86073af8007dfadc","2041-12-08","","","Aracaju"
"LIC-LIC-01","TIM S A","50409428698","010","105812021","1009297462","Rua Gararu","-","SE","2800308","100MG7W","NR","SA-NSA","","3550","3550","40","FB","","","760","100462102519","25","25","65","0","X","18","100462102519","200","-10.91556","-37.06139","G","2024-11-22","2019-10-11","","86073af8007dfaec","2041-12-08","","","Aracaju"
"LIC-LIC-01","TIM S A","50409428698","010","105812021","1009297462","Rua Gararu","-","SE","2800308","100MG7W","NR","SA-NSA","","3550","3550","160","FB","","","760","100462102519","25","25","65","0","X","18","100462102519","200","-10.91556","-37.06139","G","2024-11-22","2019-10-11","","86073af8007dfaed","2041-12-08","","","Aracaju"
"LIC-LIC-01","TIM S A","50409428698","010","105812021","1009297462","Rua Gararu","-","SE","2800308","100MG7W","NR","SA-NSA","","3550","3550","280","FB","","","760","100462102519","25","25","65","0","X","18","100462102519","200","-10.91556","-37.06139","G","2024-11-22","2019-10-11","","86073af8007dfaee","2041-12-08","","","Aracaju"
"LIC-LIC-01","TIM S A","50409428698","010","105812021","1009297470","Rua O","Lote 251- Qd 08 -Residencial Sta. Maria","SE","2800308","100MG7W","NR","SA-NSA","","3550","3550","90","FB","","","760","100462102519","25","25","65","0","X","18","100462102519","200","-10.99611","-37.08139","G","2024-11-22","2019-10-11","","86073af8007dfaf5","2041-12-08","","","Aracaju"
"LIC-LIC-01","TIM S A","50409428698","010","105812021","1009297470","Rua O","Lote 251- Qd 08 -Residencial Sta. Maria","SE","2800308","100MG7W","NR","SA-NSA","","3550","3550","210","FB","","","760","100462102519","25","25","65","0","X","18","100462102519","200","-10.99611","-37.08139","G","2024-11-22","2019-10-11","","86073af8007dfaf6","2041-12-08","","","Aracaju"
"LIC-LIC-01","TIM S A","50409428698","010","105812021","1009297470","Rua O","Lote 251- Qd 08 -Residencial Sta. Maria","SE","2800308","100MG7W","NR","SA-NSA","","3550","3550","330","FB","","","760","100462102519","25","25","65","0","X","18","100462102519","200","-10.99611","-37.08139","G","2024-11-22","2019-10-11","","86073af8007dfaf7","2041-12-08","","","Aracaju"
"LIC-LIC-01","TIM S A","50409428698","010","105812021","1009297489","Avenida Dulce Diniz","-","SE","2800308","100MG7W","NR","SA-NSA","","3550","3550","60","FB","","","760","100462102519","25","25","65","0","X","18","100462102519","200","-10.94583","-37.07361","G","2024-11-22","2019-10-11","","86073af8007dfafe","2041-12-08","","","Aracaju"
"LIC-LIC-01","TIM S A","50409428698","010","105812021","1009297489","Avenida Dulce Diniz","-","SE","2800308","100MG7W","NR","SA-NSA","","3550","3550","180","FB","","","760","100462102519","25","25","65","0","X","18","100462102519","200","-10.94583","-37.07361","G","2024-11-22","2019-10-11","","86073af8007dfaff","2041-12-08","","","Aracaju"
"LIC-LIC-01","TIM S A","50409428698","010","105812021","1009297489","Avenida Dulce Diniz","-","SE","2800308","100MG7W","NR","SA-NSA","","3550","3550","300","FB","","","760","100462102519","25","25","65","0","X","18","100462102519","200","-10.94583","-37.07361","G","2024-11-22","2019-10-11","","86073af8007dfb00","2041-12-08","","","Aracaju"
"LIC-LIC-01","TIM S A","50409428698","010","105812021","1009970620","Rua Promotor Valdir De Freitas 238","-","SE","2800308","100MG7W","NR","SA-NSA","","3550","3550","60","FB","","","760","100462102519","25","25","65","0","X","18","100462102519","200","-10.93028","-37.075","G","2024-11-22","2020-01-30","","86073af8007dfb43","2041-12-08","","","Aracaju"
"LIC-LIC-01","TIM S A","50409428698","010","105812021","1009970620","Rua Promotor Valdir De Freitas 238","-","SE","2800308","100MG7W","NR","SA-NSA","","3550","3550","180","FB","","","760","100462102519","25","25","65","0","X","18","100462102519","200","-10.93028","-37.075","G","2024-11-22","2020-01-30","","86073af8007dfb44","2041-12-08","","","Aracaju"
"LIC-LIC-01","TIM S A","50409428698","010","105812021","1009970620","Rua Promotor Valdir De Freitas 238","-","SE","2800308","100MG7W","NR","SA-NSA","","3550","3550","300","FB","","","760","100462102519","25","25","65","0","X","18","100462102519","200","-10.93028","-37.075","G","2024-11-22","2020-01-30","","86073af8007dfb45","2041-12-08","","","Aracaju"
"LIC-LIC-01","TIM S A","50409428698","010","105812021","1009970639","Rua Farmaceutico Marcos F.De Jesus 152","-","SE","2800308","100MG7W","NR","SA-NSA","","3550","3550","60","FB","","","760","100462102519","25","25","65","0","X","18","100462102519","200","-10.89194","-37.05556","G","2024-11-22","2020-01-30","","86073af8007dfb4c","2041-12-08","","","Aracaju"
"LIC-LIC-01","TIM S A","50409428698","010","105812021","1009970639","Rua Farmaceutico Marcos F.De Jesus 152","-","SE","2800308","100MG7W","NR","SA-NSA","","3550","3550","180","FB","","","760","100462102519","25","25","65","0","X","18","100462102519","200","-10.89194","-37.05556","G","2024-11-22","2020-01-30","","86073af8007dfb4d","2041-12-08","","","Aracaju"
"LIC-LIC-01","TIM S A","50409428698","010","105812021","1009970639","Rua Farmaceutico Marcos F.De Jesus 152","-","SE","2800308","100MG7W","NR","SA-NSA","","3550","3550","300","FB","","","760","100462102519","25","25","65","0","X","18","100462102519","200","-10.89194","-37.05556","G","2024-11-22","2020-01-30","","86073af8007dfb4e","2041-12-08","","","Aracaju"
"LIC-LIC-01","TIM S A","50409428698","010","105812021","1009970663","Rua Itaporanga 460","-","SE","2800308","100MG7W","NR","SA-NSA","","3550","3550","60","FB","","","760","100462102519","25","25","65","0","X","18","100462102519","200","-10.91361","-37.05694","G","2024-11-22","2020-01-30","","86073af8007dfb55","2041-12-08","","","Aracaju"
"LIC-LIC-01","TIM S A","50409428698","010","105812021","1009970663","Rua Itaporanga 460","-","SE","2800308","100MG7W","NR","SA-NSA","","3550","3550","180","FB","","","760","100462102519","25","25","65","0","X","18","100462102519","200","-10.91361","-37.05694","G","2024-11-22","2020-01-30","","86073af8007dfb56","2041-12-08","","","Aracaju"
"LIC-LIC-01","TIM S A","50409428698","010","105812021","1009970663","Rua Itaporanga 460","-","SE","2800308","100MG7W","NR","SA-NSA","","3550","3550","300","FB","","","760","100462102519","25","25","65","0","X","18","100462102519","200","-10.91361","-37.05694","G","2024-11-22","2020-01-30","","86073af8007dfb57","2041-12-08","","","Aracaju"
"LIC-LIC-01","TIM S A","50409428698","010","105812021","1009970680","Rua Manoel Gratuliano Dos Saltos 375","-","SE","2800308","100MG7W","NR","SA-NSA","","3550","3550","110","FB","","","760","100462102519","25","25","65","0","X","18","100462102519","200","-10.97833","-37.08472","G","2024-11-22","2020-01-30","","86073af8007dfb5e","2041-12-08","","","Aracaju"
"LIC-LIC-01","TIM S A","50409428698","010","105812021","1009970680","Rua Manoel Gratuliano Dos Saltos 375","-","SE","2800308","100MG7W","NR","SA-NSA","","3550","3550","230","FB","","","760","100462102519","25","25","65","0","X","18","100462102519","200","-10.97833","-37.08472","G","2024-11-22","2020-01-30","","86073af8007dfb5f","2041-12-08","","","Aracaju"
"LIC-LIC-01","TIM S A","50409428698","010","105812021","1009970680","Rua Manoel Gratuliano Dos Saltos 375","-","SE","2800308","100MG7W","NR","SA-NSA","","3550","3550","350","FB","","","760","100462102519","25","25","65","0","X","18","100462102519","200","-10.97833","-37.08472","G","2024-11-22","2020-01-30","","86073af8007dfb60","2041-12-08","","","Aracaju"
"LIC-LIC-01","TIM S A","50409428698","010","105812021","1010066657","Rua Porto Das Folhas 857","-","SE","2800308","100MG7W","NR","SA-NSA","","3550","3550","0","FB","","","760","100462102519","25","25","65","0","X","18","100462102519","200","-10.91972","-37.06306","G","2024-11-22","2020-02-13","","86073af8007dfb67","2041-12-08","","","Aracaju"
"LIC-LIC-01","TIM S A","50409428698","010","105812021","1010066657","Rua Porto Das Folhas 857","-","SE","2800308","100MG7W","NR","SA-NSA","","3550","3550","120","FB","","","760","100462102519","25","25","65","0","X","18","100462102519","200","-10.91972","-37.06306","G","2024-11-22","2020-02-13","","86073af8007dfb68","2041-12-08","","","Aracaju"
"LIC-LIC-01","TIM S A","50409428698","010","105812021","1010066657","Rua Porto Das Folhas 857","-","SE","2800308","100MG7W","NR","SA-NSA","","3550","3550","240","FB","","","760","100462102519","25","25","65","0","X","18","100462102519","200","-10.91972","-37.06306","G","2024-11-22","2020-02-13","","86073af8007dfb69","2041-12-08","","","Aracaju"
"LIC-LIC-01","TIM S A","50409428698","010","105812021","1010195732","Rua São Salvador","-","SE","2800308","100MG7W","NR","SA-NSA","","3550","3550","0","FB","","","760","100462102519","25","25","65","0","X","18","100462102519","200","-10.916222","-37.085472","G","2024-11-22","2020-03-16","","86073af8007dfb82","2041-12-08","","","Aracaju"
"LIC-LIC-01","TIM S A","50409428698","010","105812021","1010195732","Rua São Salvador","-","SE","2800308","100MG7W","NR","SA-NSA","","3550","3550","120","FB","","","760","100462102519","25","25","65","0","X","18","100462102519","200","-10.916222","-37.085472","G","2024-11-22","2020-03-16","","86073af8007dfb83","2041-12-08","","","Aracaju"
"LIC-LIC-01","TIM S A","50409428698","010","105812021","1010195732","Rua São Salvador","-","SE","2800308","100MG7W","NR","SA-NSA","","3550","3550","240","FB","","","760","100462102519","25","25","65","0","X","18","100462102519","200","-10.916222","-37.085472","G","2024-11-22","2020-03-16","","86073af8007dfb84","2041-12-08","","","Aracaju"
"LIC-LIC-01","TIM S A","50409428698","010","105812021","1010195759","Rua Cel. Stanley Da Fernandes Da Silveira 440","-","SE","2800308","100MG7W","NR","SA-NSA","","3550","3550","50","FB","","","760","100462102519","25","25","65","0","X","33","100462102519","200","-10.92306","-37.05528","G","2024-11-22","2020-03-16","","86073af8007dfb8b","2041-12-08","","","Aracaju"
"LIC-LIC-01","TIM S A","50409428698","010","105812021","1010195759","Rua Cel. Stanley Da Fernandes Da Silveira 440","-","SE","2800308","100MG7W","NR","SA-NSA","","3550","3550","260","FB","","","760","100462102519","25","25","65","0","X","33","100462102519","200","-10.92306","-37.05528","G","2024-11-22","2020-03-16","","86073af8007dfb8c","2041-12-08","","","Aracaju"
"LIC-LIC-01","TIM S A","50409428698","010","105812021","1010195759","Rua Cel. Stanley Da Fernandes Da Silveira 440","-","SE","2800308","100MG7W","NR","SA-NSA","","3550","3550","340","FB","","","760","100462102519","25","25","65","0","X","33","100462102519","200","-10.92306","-37.05528","G","2024-11-22","2020-03-16","","86073af8007dfb8d","2041-12-08","","","Aracaju"
"LIC-LIC-01","TIM S A","50409428698","010","105812021","1012746612","Rodovia Dos Náufragos","KM 8 (Antiga Rodovia que Liga Atalaia ao Mosqueiro)","SE","2800308","100MG7W","NR","SA-NSA","","3550","3550","50","FB","","","760","100462102519","25","25","65","0","X","50","100462102519","200","-11.0409444","-37.1047222","G","2024-11-22","2022-01-13","","86073af8007dfbc4","2041-12-08","","","Aracaju"
"LIC-LIC-01","TIM S A","50409428698","010","105812021","1012746612","Rodovia Dos Náufragos","KM 8 (Antiga Rodovia que Liga Atalaia ao Mosqueiro)","SE","2800308","100MG7W","NR","SA-NSA","","3550","3550","170","FB","","","760","100462102519","25","25","65","0","X","50","100462102519","200","-11.0409444","-37.1047222","G","2024-11-22","2022-01-13","","86073af8007dfbc5","2041-12-08","","","Aracaju"
"LIC-LIC-01","TIM S A","50409428698","010","105812021","1012746612","Rodovia Dos Náufragos","KM 8 (Antiga Rodovia que Liga Atalaia ao Mosqueiro)","SE","2800308","100MG7W","NR","SA-NSA","","3550","3550","250","FB","","","760","100462102519","25","25","65","0","X","50","100462102519","200","-11.0409444","-37.1047222","G","2024-11-22","2022-01-13","","86073af8007dfbc6","2041-12-08","","","Aracaju"
